,0
0,https://syllabus.doshisha.ac.jp/html/2018/0806/10806011000.html
1,https://syllabus.doshisha.ac.jp/html/2018/0806/10806012001.html
2,https://syllabus.doshisha.ac.jp/html/2018/0806/10806012002.html
3,https://syllabus.doshisha.ac.jp/html/2018/0806/10806013000.html
4,https://syllabus.doshisha.ac.jp/html/2018/0806/10806021000.html
5,https://syllabus.doshisha.ac.jp/html/2018/0806/10806022000.html
6,https://syllabus.doshisha.ac.jp/html/2018/0806/10806031002.html
7,https://syllabus.doshisha.ac.jp/html/2018/0806/10806031007.html
8,https://syllabus.doshisha.ac.jp/html/2018/0806/10806031010.html
9,https://syllabus.doshisha.ac.jp/html/2018/0806/10806031011.html
10,https://syllabus.doshisha.ac.jp/html/2018/0806/10806031012.html
11,https://syllabus.doshisha.ac.jp/html/2018/0806/10806031015.html
12,https://syllabus.doshisha.ac.jp/html/2018/0806/10806031016.html
13,https://syllabus.doshisha.ac.jp/html/2018/0806/10806031017.html
14,https://syllabus.doshisha.ac.jp/html/2018/0806/10806031019.html
15,https://syllabus.doshisha.ac.jp/html/2018/0806/10806031021.html
16,https://syllabus.doshisha.ac.jp/html/2018/0806/10806031024.html
17,https://syllabus.doshisha.ac.jp/html/2018/0806/10806031025.html
18,https://syllabus.doshisha.ac.jp/html/2018/0806/10806031027.html
19,https://syllabus.doshisha.ac.jp/html/2018/0806/10806031028.html
20,https://syllabus.doshisha.ac.jp/html/2018/0806/10806031029.html
21,https://syllabus.doshisha.ac.jp/html/2018/0806/10806031030.html
22,https://syllabus.doshisha.ac.jp/html/2018/0806/10806032002.html
23,https://syllabus.doshisha.ac.jp/html/2018/0806/10806032007.html
24,https://syllabus.doshisha.ac.jp/html/2018/0806/10806032010.html
25,https://syllabus.doshisha.ac.jp/html/2018/0806/10806032011.html
26,https://syllabus.doshisha.ac.jp/html/2018/0806/10806032012.html
27,https://syllabus.doshisha.ac.jp/html/2018/0806/10806032015.html
28,https://syllabus.doshisha.ac.jp/html/2018/0806/10806032016.html
29,https://syllabus.doshisha.ac.jp/html/2018/0806/10806032017.html
30,https://syllabus.doshisha.ac.jp/html/2018/0806/10806032019.html
31,https://syllabus.doshisha.ac.jp/html/2018/0806/10806032021.html
32,https://syllabus.doshisha.ac.jp/html/2018/0806/10806032024.html
33,https://syllabus.doshisha.ac.jp/html/2018/0806/10806032025.html
34,https://syllabus.doshisha.ac.jp/html/2018/0806/10806032027.html
35,https://syllabus.doshisha.ac.jp/html/2018/0806/10806032028.html
36,https://syllabus.doshisha.ac.jp/html/2018/0806/10806032029.html
37,https://syllabus.doshisha.ac.jp/html/2018/0806/10806032030.html
38,https://syllabus.doshisha.ac.jp/html/2018/0806/10806033001.html
39,https://syllabus.doshisha.ac.jp/html/2018/0806/10806033002.html
40,https://syllabus.doshisha.ac.jp/html/2018/0806/10806041001.html
41,https://syllabus.doshisha.ac.jp/html/2018/0806/10806041002.html
42,https://syllabus.doshisha.ac.jp/html/2018/0806/10806041003.html
43,https://syllabus.doshisha.ac.jp/html/2018/0806/10806041004.html
44,https://syllabus.doshisha.ac.jp/html/2018/0806/10806041005.html
45,https://syllabus.doshisha.ac.jp/html/2018/0806/10806041008.html
46,https://syllabus.doshisha.ac.jp/html/2018/0806/10806041011.html
47,https://syllabus.doshisha.ac.jp/html/2018/0806/10806041012.html
48,https://syllabus.doshisha.ac.jp/html/2018/0806/10806041014.html
49,https://syllabus.doshisha.ac.jp/html/2018/0806/10806041016.html
50,https://syllabus.doshisha.ac.jp/html/2018/0806/10806041017.html
51,https://syllabus.doshisha.ac.jp/html/2018/0806/10806041018.html
52,https://syllabus.doshisha.ac.jp/html/2018/0806/10806041019.html
53,https://syllabus.doshisha.ac.jp/html/2018/0806/10806041021.html
54,https://syllabus.doshisha.ac.jp/html/2018/0806/10806041022.html
55,https://syllabus.doshisha.ac.jp/html/2018/0806/10806041023.html
56,https://syllabus.doshisha.ac.jp/html/2018/0806/10806041024.html
57,https://syllabus.doshisha.ac.jp/html/2018/0806/10806041025.html
58,https://syllabus.doshisha.ac.jp/html/2018/0806/10806041026.html
59,https://syllabus.doshisha.ac.jp/html/2018/0806/10806041028.html
60,https://syllabus.doshisha.ac.jp/html/2018/0806/10806041033.html
61,https://syllabus.doshisha.ac.jp/html/2018/0806/10806041034.html
62,https://syllabus.doshisha.ac.jp/html/2018/0806/10806041035.html
63,https://syllabus.doshisha.ac.jp/html/2018/0806/10806041036.html
64,https://syllabus.doshisha.ac.jp/html/2018/0806/10806041037.html
65,https://syllabus.doshisha.ac.jp/html/2018/0806/10806041038.html
66,https://syllabus.doshisha.ac.jp/html/2018/0806/10806041039.html
67,https://syllabus.doshisha.ac.jp/html/2018/0806/10806041040.html
68,https://syllabus.doshisha.ac.jp/html/2018/0806/10806042001.html
69,https://syllabus.doshisha.ac.jp/html/2018/0806/10806042002.html
70,https://syllabus.doshisha.ac.jp/html/2018/0806/10806042003.html
71,https://syllabus.doshisha.ac.jp/html/2018/0806/10806042004.html
72,https://syllabus.doshisha.ac.jp/html/2018/0806/10806042005.html
73,https://syllabus.doshisha.ac.jp/html/2018/0806/10806042008.html
74,https://syllabus.doshisha.ac.jp/html/2018/0806/10806042011.html
75,https://syllabus.doshisha.ac.jp/html/2018/0806/10806042012.html
76,https://syllabus.doshisha.ac.jp/html/2018/0806/10806042014.html
77,https://syllabus.doshisha.ac.jp/html/2018/0806/10806042016.html
78,https://syllabus.doshisha.ac.jp/html/2018/0806/10806042017.html
79,https://syllabus.doshisha.ac.jp/html/2018/0806/10806042018.html
80,https://syllabus.doshisha.ac.jp/html/2018/0806/10806042019.html
81,https://syllabus.doshisha.ac.jp/html/2018/0806/10806042021.html
82,https://syllabus.doshisha.ac.jp/html/2018/0806/10806042022.html
83,https://syllabus.doshisha.ac.jp/html/2018/0806/10806042023.html
84,https://syllabus.doshisha.ac.jp/html/2018/0806/10806042024.html
85,https://syllabus.doshisha.ac.jp/html/2018/0806/10806042025.html
86,https://syllabus.doshisha.ac.jp/html/2018/0806/10806042026.html
87,https://syllabus.doshisha.ac.jp/html/2018/0806/10806042028.html
88,https://syllabus.doshisha.ac.jp/html/2018/0806/10806042033.html
89,https://syllabus.doshisha.ac.jp/html/2018/0806/10806042034.html
90,https://syllabus.doshisha.ac.jp/html/2018/0806/10806042035.html
91,https://syllabus.doshisha.ac.jp/html/2018/0806/10806042036.html
92,https://syllabus.doshisha.ac.jp/html/2018/0806/10806042037.html
93,https://syllabus.doshisha.ac.jp/html/2018/0806/10806042038.html
94,https://syllabus.doshisha.ac.jp/html/2018/0806/10806042039.html
95,https://syllabus.doshisha.ac.jp/html/2018/0806/10806042040.html
96,https://syllabus.doshisha.ac.jp/html/2018/0806/10806051000.html
97,https://syllabus.doshisha.ac.jp/html/2018/0806/10806061000.html
98,https://syllabus.doshisha.ac.jp/html/2018/0806/10806062000.html
99,https://syllabus.doshisha.ac.jp/html/2018/0806/10806111000.html
100,https://syllabus.doshisha.ac.jp/html/2018/0806/10806112000.html
101,https://syllabus.doshisha.ac.jp/html/2018/0806/10806113000.html
102,https://syllabus.doshisha.ac.jp/html/2018/0806/10806114000.html
103,https://syllabus.doshisha.ac.jp/html/2018/0806/10806115000.html
104,https://syllabus.doshisha.ac.jp/html/2018/0806/10806116000.html
105,https://syllabus.doshisha.ac.jp/html/2018/0806/10806121000.html
106,https://syllabus.doshisha.ac.jp/html/2018/0806/10806122000.html
107,https://syllabus.doshisha.ac.jp/html/2018/0806/10806123000.html
108,https://syllabus.doshisha.ac.jp/html/2018/0806/10806124000.html
109,https://syllabus.doshisha.ac.jp/html/2018/0806/10806125000.html
110,https://syllabus.doshisha.ac.jp/html/2018/0806/10806126000.html
111,https://syllabus.doshisha.ac.jp/html/2018/0806/10806127000.html
112,https://syllabus.doshisha.ac.jp/html/2018/0806/10806131000.html
113,https://syllabus.doshisha.ac.jp/html/2018/0806/10806132000.html
114,https://syllabus.doshisha.ac.jp/html/2018/0806/10806133000.html
115,https://syllabus.doshisha.ac.jp/html/2018/0806/10806134000.html
116,https://syllabus.doshisha.ac.jp/html/2018/0806/10806135000.html
117,https://syllabus.doshisha.ac.jp/html/2018/0806/10806211000.html
118,https://syllabus.doshisha.ac.jp/html/2018/0806/10806212000.html
119,https://syllabus.doshisha.ac.jp/html/2018/0806/10806213000.html
120,https://syllabus.doshisha.ac.jp/html/2018/0806/10806214000.html
121,https://syllabus.doshisha.ac.jp/html/2018/0806/10806221000.html
122,https://syllabus.doshisha.ac.jp/html/2018/0806/10806222000.html
123,https://syllabus.doshisha.ac.jp/html/2018/0806/10806223000.html
124,https://syllabus.doshisha.ac.jp/html/2018/0806/10806224000.html
125,https://syllabus.doshisha.ac.jp/html/2018/0806/10806225000.html
126,https://syllabus.doshisha.ac.jp/html/2018/0806/10806231000.html
127,https://syllabus.doshisha.ac.jp/html/2018/0806/10806233000.html
128,https://syllabus.doshisha.ac.jp/html/2018/0806/10806234000.html
129,https://syllabus.doshisha.ac.jp/html/2018/0806/10806311000.html
130,https://syllabus.doshisha.ac.jp/html/2018/0806/10806312000.html
131,https://syllabus.doshisha.ac.jp/html/2018/0806/10806313000.html
132,https://syllabus.doshisha.ac.jp/html/2018/0806/10806314000.html
133,https://syllabus.doshisha.ac.jp/html/2018/0806/10806321000.html
134,https://syllabus.doshisha.ac.jp/html/2018/0806/10806322000.html
135,https://syllabus.doshisha.ac.jp/html/2018/0806/10806323000.html
136,https://syllabus.doshisha.ac.jp/html/2018/0806/10806324000.html
137,https://syllabus.doshisha.ac.jp/html/2018/0806/10806325000.html
138,https://syllabus.doshisha.ac.jp/html/2018/0806/10806331000.html
139,https://syllabus.doshisha.ac.jp/html/2018/0806/10806332000.html
140,https://syllabus.doshisha.ac.jp/html/2018/0806/10806361000.html
141,https://syllabus.doshisha.ac.jp/html/2018/0806/10806371000.html
142,https://syllabus.doshisha.ac.jp/html/2018/0806/10806372000.html
143,https://syllabus.doshisha.ac.jp/html/2018/0806/10806411000.html
144,https://syllabus.doshisha.ac.jp/html/2018/0806/10806412000.html
145,https://syllabus.doshisha.ac.jp/html/2018/0806/10806421000.html
146,https://syllabus.doshisha.ac.jp/html/2018/0806/10806422000.html
147,https://syllabus.doshisha.ac.jp/html/2018/0806/10806423000.html
148,https://syllabus.doshisha.ac.jp/html/2018/0806/10806431000.html
149,https://syllabus.doshisha.ac.jp/html/2018/0806/10806432000.html
150,https://syllabus.doshisha.ac.jp/html/2018/0806/10806433000.html
151,https://syllabus.doshisha.ac.jp/html/2018/0806/10806461000.html
152,https://syllabus.doshisha.ac.jp/html/2018/0806/10806471000.html
153,https://syllabus.doshisha.ac.jp/html/2018/0806/30806501000.html
154,https://syllabus.doshisha.ac.jp/html/2018/0806/30806502000.html
155,https://syllabus.doshisha.ac.jp/html/2018/0806/30806503000.html
156,https://syllabus.doshisha.ac.jp/html/2018/0806/30806504000.html
157,https://syllabus.doshisha.ac.jp/html/2018/0806/10806511002.html
158,https://syllabus.doshisha.ac.jp/html/2018/0806/10806512002.html
159,https://syllabus.doshisha.ac.jp/html/2018/0806/10806513002.html
160,https://syllabus.doshisha.ac.jp/html/2018/0806/10806514002.html
161,https://syllabus.doshisha.ac.jp/html/2018/0806/10806521000.html
162,https://syllabus.doshisha.ac.jp/html/2018/0806/10806522000.html
163,https://syllabus.doshisha.ac.jp/html/2018/0806/10806523000.html
164,https://syllabus.doshisha.ac.jp/html/2018/0806/10806524000.html
165,https://syllabus.doshisha.ac.jp/html/2018/0806/10806531000.html
166,https://syllabus.doshisha.ac.jp/html/2018/0806/10806532000.html
167,https://syllabus.doshisha.ac.jp/html/2018/0806/10806533000.html
168,https://syllabus.doshisha.ac.jp/html/2018/0806/10806534000.html
169,https://syllabus.doshisha.ac.jp/html/2018/0806/10806535000.html
170,https://syllabus.doshisha.ac.jp/html/2018/0806/10806536000.html
171,https://syllabus.doshisha.ac.jp/html/2018/0806/30806601000.html
172,https://syllabus.doshisha.ac.jp/html/2018/0806/30806602000.html
173,https://syllabus.doshisha.ac.jp/html/2018/0806/30806603000.html
174,https://syllabus.doshisha.ac.jp/html/2018/0806/30806604000.html
175,https://syllabus.doshisha.ac.jp/html/2018/0806/30806605000.html
176,https://syllabus.doshisha.ac.jp/html/2018/0806/10806611000.html
177,https://syllabus.doshisha.ac.jp/html/2018/0806/10806612001.html
178,https://syllabus.doshisha.ac.jp/html/2018/0806/10806612002.html
179,https://syllabus.doshisha.ac.jp/html/2018/0806/10806612003.html
180,https://syllabus.doshisha.ac.jp/html/2018/0806/10806613001.html
181,https://syllabus.doshisha.ac.jp/html/2018/0806/10806613002.html
182,https://syllabus.doshisha.ac.jp/html/2018/0806/10806614000.html
183,https://syllabus.doshisha.ac.jp/html/2018/0806/10806621000.html
184,https://syllabus.doshisha.ac.jp/html/2018/0806/10806622000.html
185,https://syllabus.doshisha.ac.jp/html/2018/0806/10806623000.html
186,https://syllabus.doshisha.ac.jp/html/2018/0806/10806624000.html
187,https://syllabus.doshisha.ac.jp/html/2018/0806/10806631000.html
188,https://syllabus.doshisha.ac.jp/html/2018/0806/10806632000.html
189,https://syllabus.doshisha.ac.jp/html/2018/0806/10806633000.html
190,https://syllabus.doshisha.ac.jp/html/2018/0806/10806651000.html
191,https://syllabus.doshisha.ac.jp/html/2018/0806/10806661000.html
192,https://syllabus.doshisha.ac.jp/html/2018/0806/10806671000.html
193,https://syllabus.doshisha.ac.jp/html/2018/0806/10806672000.html
194,https://syllabus.doshisha.ac.jp/html/2018/0806/30806701000.html
195,https://syllabus.doshisha.ac.jp/html/2018/0806/30806702000.html
196,https://syllabus.doshisha.ac.jp/html/2018/0806/30806705000.html
197,https://syllabus.doshisha.ac.jp/html/2018/0806/30806706000.html
198,https://syllabus.doshisha.ac.jp/html/2018/0806/30806707001.html
199,https://syllabus.doshisha.ac.jp/html/2018/0806/30806707002.html
200,https://syllabus.doshisha.ac.jp/html/2018/0806/30806708001.html
201,https://syllabus.doshisha.ac.jp/html/2018/0806/30806708002.html
202,https://syllabus.doshisha.ac.jp/html/2018/0806/10806711000.html
203,https://syllabus.doshisha.ac.jp/html/2018/0806/10806712000.html
204,https://syllabus.doshisha.ac.jp/html/2018/0806/10806714000.html
205,https://syllabus.doshisha.ac.jp/html/2018/0806/10806717000.html
206,https://syllabus.doshisha.ac.jp/html/2018/0806/10806721000.html
207,https://syllabus.doshisha.ac.jp/html/2018/0806/10806722000.html
208,https://syllabus.doshisha.ac.jp/html/2018/0806/10806723000.html
209,https://syllabus.doshisha.ac.jp/html/2018/0806/10806724000.html
210,https://syllabus.doshisha.ac.jp/html/2018/0806/10806725000.html
211,https://syllabus.doshisha.ac.jp/html/2018/0806/10806726000.html
212,https://syllabus.doshisha.ac.jp/html/2018/0806/10806731000.html
213,https://syllabus.doshisha.ac.jp/html/2018/0806/10806732000.html
214,https://syllabus.doshisha.ac.jp/html/2018/0806/10806733000.html
215,https://syllabus.doshisha.ac.jp/html/2018/0806/10806751000.html
216,https://syllabus.doshisha.ac.jp/html/2018/0806/10806752000.html
217,https://syllabus.doshisha.ac.jp/html/2018/0806/10806753000.html
218,https://syllabus.doshisha.ac.jp/html/2018/0806/10806762000.html
219,https://syllabus.doshisha.ac.jp/html/2018/0806/10806763000.html
220,https://syllabus.doshisha.ac.jp/html/2018/0806/10806764000.html
221,https://syllabus.doshisha.ac.jp/html/2018/0806/10806765000.html
222,https://syllabus.doshisha.ac.jp/html/2018/0806/10806771000.html
223,https://syllabus.doshisha.ac.jp/html/2018/0806/10806772000.html
224,https://syllabus.doshisha.ac.jp/html/2018/0806/10806773000.html
225,https://syllabus.doshisha.ac.jp/html/2018/0806/10806774000.html
226,https://syllabus.doshisha.ac.jp/html/2018/0806/10806775000.html
227,https://syllabus.doshisha.ac.jp/html/2018/0806/10806811001.html
228,https://syllabus.doshisha.ac.jp/html/2018/0806/10806811004.html
229,https://syllabus.doshisha.ac.jp/html/2018/0806/10806811006.html
230,https://syllabus.doshisha.ac.jp/html/2018/0806/10806811008.html
231,https://syllabus.doshisha.ac.jp/html/2018/0806/10806811009.html
232,https://syllabus.doshisha.ac.jp/html/2018/0806/10806811012.html
233,https://syllabus.doshisha.ac.jp/html/2018/0806/10806811013.html
234,https://syllabus.doshisha.ac.jp/html/2018/0806/10806811014.html
235,https://syllabus.doshisha.ac.jp/html/2018/0806/10806811015.html
236,https://syllabus.doshisha.ac.jp/html/2018/0806/10806851000.html
237,https://syllabus.doshisha.ac.jp/html/2018/0806/10806854000.html
238,https://syllabus.doshisha.ac.jp/html/2018/0806/10806856000.html
239,https://syllabus.doshisha.ac.jp/html/2018/0806/10806858000.html
240,https://syllabus.doshisha.ac.jp/html/2018/0806/10806859000.html
241,https://syllabus.doshisha.ac.jp/html/2018/0806/10806862000.html
242,https://syllabus.doshisha.ac.jp/html/2018/0806/10806863000.html
243,https://syllabus.doshisha.ac.jp/html/2018/0806/10806864000.html
244,https://syllabus.doshisha.ac.jp/html/2018/0806/10806865000.html
245,https://syllabus.doshisha.ac.jp/html/2018/0807/10807011000.html
246,https://syllabus.doshisha.ac.jp/html/2018/0807/10807012001.html
247,https://syllabus.doshisha.ac.jp/html/2018/0807/10807012002.html
248,https://syllabus.doshisha.ac.jp/html/2018/0807/10807033001.html
249,https://syllabus.doshisha.ac.jp/html/2018/0807/10807033002.html
250,https://syllabus.doshisha.ac.jp/html/2018/0807/10807051000.html
251,https://syllabus.doshisha.ac.jp/html/2018/0807/10807061000.html
252,https://syllabus.doshisha.ac.jp/html/2018/0807/10807062000.html
253,https://syllabus.doshisha.ac.jp/html/2018/0807/10807111000.html
254,https://syllabus.doshisha.ac.jp/html/2018/0807/10807112000.html
255,https://syllabus.doshisha.ac.jp/html/2018/0807/10807113000.html
256,https://syllabus.doshisha.ac.jp/html/2018/0807/10807114000.html
257,https://syllabus.doshisha.ac.jp/html/2018/0807/10807115000.html
258,https://syllabus.doshisha.ac.jp/html/2018/0807/10807121000.html
259,https://syllabus.doshisha.ac.jp/html/2018/0807/10807122000.html
260,https://syllabus.doshisha.ac.jp/html/2018/0807/10807123000.html
261,https://syllabus.doshisha.ac.jp/html/2018/0807/10807124000.html
262,https://syllabus.doshisha.ac.jp/html/2018/0807/10807125000.html
263,https://syllabus.doshisha.ac.jp/html/2018/0807/10807126000.html
264,https://syllabus.doshisha.ac.jp/html/2018/0807/10807211000.html
265,https://syllabus.doshisha.ac.jp/html/2018/0807/10807212000.html
266,https://syllabus.doshisha.ac.jp/html/2018/0807/10807213000.html
267,https://syllabus.doshisha.ac.jp/html/2018/0807/10807214000.html
268,https://syllabus.doshisha.ac.jp/html/2018/0807/10807221000.html
269,https://syllabus.doshisha.ac.jp/html/2018/0807/10807222000.html
270,https://syllabus.doshisha.ac.jp/html/2018/0807/10807223000.html
271,https://syllabus.doshisha.ac.jp/html/2018/0807/10807224000.html
272,https://syllabus.doshisha.ac.jp/html/2018/0807/10807225000.html
273,https://syllabus.doshisha.ac.jp/html/2018/0807/10807311000.html
274,https://syllabus.doshisha.ac.jp/html/2018/0807/10807312000.html
275,https://syllabus.doshisha.ac.jp/html/2018/0807/10807313000.html
276,https://syllabus.doshisha.ac.jp/html/2018/0807/10807314000.html
277,https://syllabus.doshisha.ac.jp/html/2018/0807/10807321000.html
278,https://syllabus.doshisha.ac.jp/html/2018/0807/10807322000.html
279,https://syllabus.doshisha.ac.jp/html/2018/0807/10807323000.html
280,https://syllabus.doshisha.ac.jp/html/2018/0807/10807324000.html
281,https://syllabus.doshisha.ac.jp/html/2018/0807/10807325000.html
282,https://syllabus.doshisha.ac.jp/html/2018/0807/10807326000.html
283,https://syllabus.doshisha.ac.jp/html/2018/0807/10807327000.html
284,https://syllabus.doshisha.ac.jp/html/2018/0807/10807328000.html
285,https://syllabus.doshisha.ac.jp/html/2018/0807/10807411001.html
286,https://syllabus.doshisha.ac.jp/html/2018/0807/10807411002.html
287,https://syllabus.doshisha.ac.jp/html/2018/0807/10807412001.html
288,https://syllabus.doshisha.ac.jp/html/2018/0807/10807412002.html
289,https://syllabus.doshisha.ac.jp/html/2018/0807/10807413001.html
290,https://syllabus.doshisha.ac.jp/html/2018/0807/10807413002.html
291,https://syllabus.doshisha.ac.jp/html/2018/0807/10807413003.html
292,https://syllabus.doshisha.ac.jp/html/2018/0807/10807414001.html
293,https://syllabus.doshisha.ac.jp/html/2018/0807/10807414002.html
294,https://syllabus.doshisha.ac.jp/html/2018/0807/10807414003.html
295,https://syllabus.doshisha.ac.jp/html/2018/0807/10807421000.html
296,https://syllabus.doshisha.ac.jp/html/2018/0807/10807422000.html
297,https://syllabus.doshisha.ac.jp/html/2018/0807/10807423000.html
298,https://syllabus.doshisha.ac.jp/html/2018/0807/10807424000.html
299,https://syllabus.doshisha.ac.jp/html/2018/0807/10807511001.html
300,https://syllabus.doshisha.ac.jp/html/2018/0807/10807511002.html
301,https://syllabus.doshisha.ac.jp/html/2018/0807/10807511003.html
302,https://syllabus.doshisha.ac.jp/html/2018/0807/10807512000.html
303,https://syllabus.doshisha.ac.jp/html/2018/0807/10807513001.html
304,https://syllabus.doshisha.ac.jp/html/2018/0807/10807513002.html
305,https://syllabus.doshisha.ac.jp/html/2018/0807/10807514000.html
306,https://syllabus.doshisha.ac.jp/html/2018/0807/10807515000.html
307,https://syllabus.doshisha.ac.jp/html/2018/0807/10807521000.html
308,https://syllabus.doshisha.ac.jp/html/2018/0807/10807522000.html
309,https://syllabus.doshisha.ac.jp/html/2018/0807/10807523000.html
310,https://syllabus.doshisha.ac.jp/html/2018/0807/10807524000.html
311,https://syllabus.doshisha.ac.jp/html/2018/0807/10807525000.html
312,https://syllabus.doshisha.ac.jp/html/2018/0807/10807611000.html
313,https://syllabus.doshisha.ac.jp/html/2018/0807/10807612000.html
314,https://syllabus.doshisha.ac.jp/html/2018/0807/10807613000.html
315,https://syllabus.doshisha.ac.jp/html/2018/0807/10807614000.html
316,https://syllabus.doshisha.ac.jp/html/2018/0807/10807621000.html
317,https://syllabus.doshisha.ac.jp/html/2018/0807/10807622000.html
318,https://syllabus.doshisha.ac.jp/html/2018/0807/10807623000.html
319,https://syllabus.doshisha.ac.jp/html/2018/0807/10807624000.html
320,https://syllabus.doshisha.ac.jp/html/2018/0807/10807851000.html
321,https://syllabus.doshisha.ac.jp/html/2018/0807/10807854000.html
322,https://syllabus.doshisha.ac.jp/html/2018/0807/10807856000.html
323,https://syllabus.doshisha.ac.jp/html/2018/0807/10807858000.html
324,https://syllabus.doshisha.ac.jp/html/2018/0807/10807859000.html
325,https://syllabus.doshisha.ac.jp/html/2018/0807/10807862000.html
326,https://syllabus.doshisha.ac.jp/html/2018/0807/10807864000.html
327,https://syllabus.doshisha.ac.jp/html/2018/0807/10807865000.html
328,https://syllabus.doshisha.ac.jp/html/2018/0809/10809110000.html
329,https://syllabus.doshisha.ac.jp/html/2018/0809/10809111001.html
330,https://syllabus.doshisha.ac.jp/html/2018/0809/10809111002.html
331,https://syllabus.doshisha.ac.jp/html/2018/0809/10809111003.html
332,https://syllabus.doshisha.ac.jp/html/2018/0809/10809111004.html
333,https://syllabus.doshisha.ac.jp/html/2018/0809/10809114001.html
334,https://syllabus.doshisha.ac.jp/html/2018/0809/10809114003.html
335,https://syllabus.doshisha.ac.jp/html/2018/0809/10809115001.html
336,https://syllabus.doshisha.ac.jp/html/2018/0809/10809115003.html
337,https://syllabus.doshisha.ac.jp/html/2018/0809/10809116001.html
338,https://syllabus.doshisha.ac.jp/html/2018/0809/10809116003.html
339,https://syllabus.doshisha.ac.jp/html/2018/0809/10809117001.html
340,https://syllabus.doshisha.ac.jp/html/2018/0809/10809117003.html
341,https://syllabus.doshisha.ac.jp/html/2018/0809/10809118001.html
342,https://syllabus.doshisha.ac.jp/html/2018/0809/10809118002.html
343,https://syllabus.doshisha.ac.jp/html/2018/0809/10809119001.html
344,https://syllabus.doshisha.ac.jp/html/2018/0809/10809119002.html
345,https://syllabus.doshisha.ac.jp/html/2018/0809/10809120000.html
346,https://syllabus.doshisha.ac.jp/html/2018/0809/10809125001.html
347,https://syllabus.doshisha.ac.jp/html/2018/0809/10809125051.html
348,https://syllabus.doshisha.ac.jp/html/2018/0809/10809126001.html
349,https://syllabus.doshisha.ac.jp/html/2018/0809/10809126003.html
350,https://syllabus.doshisha.ac.jp/html/2018/0809/10809127001.html
351,https://syllabus.doshisha.ac.jp/html/2018/0809/10809127003.html
352,https://syllabus.doshisha.ac.jp/html/2018/0810/30810003000.html
353,https://syllabus.doshisha.ac.jp/html/2018/0810/30810004000.html
354,https://syllabus.doshisha.ac.jp/html/2018/0810/30810007000.html
355,https://syllabus.doshisha.ac.jp/html/2018/0810/30810008000.html
356,https://syllabus.doshisha.ac.jp/html/2018/0810/30810009000.html
357,https://syllabus.doshisha.ac.jp/html/2018/0810/30810010000.html
358,https://syllabus.doshisha.ac.jp/html/2018/0810/30810011000.html
359,https://syllabus.doshisha.ac.jp/html/2018/0810/30810012000.html
360,https://syllabus.doshisha.ac.jp/html/2018/0810/30810013000.html
361,https://syllabus.doshisha.ac.jp/html/2018/0810/30810014000.html
362,https://syllabus.doshisha.ac.jp/html/2018/0820/30820001000.html
363,https://syllabus.doshisha.ac.jp/html/2018/0820/30820002000.html
364,https://syllabus.doshisha.ac.jp/html/2018/0820/30820003000.html
365,https://syllabus.doshisha.ac.jp/html/2018/0820/30820004000.html
366,https://syllabus.doshisha.ac.jp/html/2018/0820/30820005000.html
367,https://syllabus.doshisha.ac.jp/html/2018/0820/30820006000.html
368,https://syllabus.doshisha.ac.jp/html/2018/0820/30820007000.html
369,https://syllabus.doshisha.ac.jp/html/2018/0820/30820008000.html
370,https://syllabus.doshisha.ac.jp/html/2018/0820/30820009000.html
371,https://syllabus.doshisha.ac.jp/html/2018/0820/30820010000.html
372,https://syllabus.doshisha.ac.jp/html/2018/0820/30820011000.html
373,https://syllabus.doshisha.ac.jp/html/2018/0820/30820012000.html
374,https://syllabus.doshisha.ac.jp/html/2018/0830/30830001000.html
375,https://syllabus.doshisha.ac.jp/html/2018/0830/30830002000.html
376,https://syllabus.doshisha.ac.jp/html/2018/0830/30830003000.html
377,https://syllabus.doshisha.ac.jp/html/2018/0830/30830004000.html
378,https://syllabus.doshisha.ac.jp/html/2018/0830/30830005000.html
379,https://syllabus.doshisha.ac.jp/html/2018/0830/30830006000.html
380,https://syllabus.doshisha.ac.jp/html/2018/0830/30830007000.html
381,https://syllabus.doshisha.ac.jp/html/2018/0830/30830008000.html
382,https://syllabus.doshisha.ac.jp/html/2018/0830/30830009000.html
383,https://syllabus.doshisha.ac.jp/html/2018/0830/30830010000.html
384,https://syllabus.doshisha.ac.jp/html/2018/0830/30830011000.html
385,https://syllabus.doshisha.ac.jp/html/2018/0830/30830012000.html
386,https://syllabus.doshisha.ac.jp/html/2018/0840/30840001000.html
387,https://syllabus.doshisha.ac.jp/html/2018/0840/30840002000.html
388,https://syllabus.doshisha.ac.jp/html/2018/0840/30840003000.html
389,https://syllabus.doshisha.ac.jp/html/2018/0840/30840004000.html
390,https://syllabus.doshisha.ac.jp/html/2018/0840/30840005000.html
391,https://syllabus.doshisha.ac.jp/html/2018/0840/30840006000.html
392,https://syllabus.doshisha.ac.jp/html/2018/0840/30840007000.html
393,https://syllabus.doshisha.ac.jp/html/2018/0840/30840008000.html
394,https://syllabus.doshisha.ac.jp/html/2018/0840/30840009000.html
395,https://syllabus.doshisha.ac.jp/html/2018/0840/30840010000.html
396,https://syllabus.doshisha.ac.jp/html/2018/0840/30840011000.html
397,https://syllabus.doshisha.ac.jp/html/2018/0840/30840015000.html
398,https://syllabus.doshisha.ac.jp/html/2018/0840/30840016000.html
